"item1","item6","item7"
"item1","item5"
"item1","item2","item6"
"item1","item6"
"item1","item2","item6"
"item1","item6"
"item1","item6"
"item2","item6","item7"
"item1","item6"
"item1","item6"
"item2","item6"
"item7"
"item6"
"item1","item5"
"item2","item6"
"item1","item5"
"item1","item6"
"item1","item6","item7"
"item1","item5"
"item6"
"item7"
"item1","item6"
"item1","item5","item7"
"item2","item3"
"item2","item6"
"item2","item6"
"item5"
"item2","item5","item6","item7"
"item1","item4","item5","item6"
"item1","item5"
"item1","item6"
"item6"
"item1","item5"
"item6"
"item1","item2","item6"
"item4","item5"
"item2","item6"
"item1"
"item1","item2","item5"
"item5"
"item2","item6"
"item1"
"item1","item2"
"item2","item6"
"item6"
"item6","item7"
"item1","item6"
"item1"
"item2","item6"
"item6"
"item1","item2","item6","item7"
"item6","item7"
"item1","item6"
"item2","item4","item5","item6"
"item1","item6"
"item1","item6"
"item7"
"item1","item6"
"item1","item2","item6"
"item1","item6","item7"
"item2","item6","item7"
"item5","item7"
"item1","item6"
"item1","item6"
"item1","item5"
"item1","item6","item7"
"item7"
"item2","item6"
"item2","item6","item7"
"item6","item7"
"item1","item6"
"item2"
"item1","item6"
"item2","item6"
"item1","item2","item6"
"item2","item6"
"item2","item6"
"item2","item6"
"item2","item6"
"item7"
"item1","item6","item7"
"item2","item6"
"item2","item6"
"item1","item3"
"item1","item5"
"item1","item6"
"item2","item6"
"item1","item7"
"item1","item2"
"item1","item5"
"item2","item6","item7"
"item6"
"item2","item6"
"item6"
"item2","item6"
"item6"
"item2","item6"
"item2","item6"
"item2","item6"
"item1","item6"
"item1","item5","item6"
"item1","item6"
"item1","item2","item6","item7"
"item2","item6"
"item1","item5"
"item6","item7"
"item1","item2","item6"
"item1","item2","item5"
"item4","item7"
"item2","item6"
"item1","item2","item5"
"item1","item2","item5","item7"
"item1","item5","item6"
"item1","item6"
"item1","item2","item7"
"item1","item6"
"item2","item6"
"item6"
"item1","item2","item6","item7"
"item7"
"item5","item7"
"item2","item6"
"item2","item6"
"item1","item2","item6"
"item6"
"item1","item6"
"item1","item6"
"item2","item6"
"item2","item6"
"item4","item5"
"item2","item6"
"item2"
"item5","item6"
"item1","item5"
"item1","item2","item3","item6","item7"
"item6","item7"
"item4","item5"
"item2"
"item2","item6"
"item1","item6"
"item1","item2","item5","item6"
"item1","item6"
"item6"
"item2","item6"
"item2","item6"
"item1","item6"
"item2","item6"
"item1","item6"
"item2","item6","item7"
"item1","item6"
"item2","item6"
"item1","item2","item6","item7"
"item1","item2"
"item1","item5","item6"
"item1","item6"
"item2","item6"
"item1","item7"
"item1","item2","item6"
"item2","item6"
"item4","item5","item6"
"item6"
"item1","item2"
"item7"
"item1","item2","item6"
"item6"
"item1"
"item7"
"item1","item5"
"item1","item2"
"item1","item6"
"item1","item4","item5","item6"
"item6"
"item6"
"item4","item5","item7"
"item6"
"item4","item5"
"item1","item6"
"item1","item2","item6","item7"
"item2","item6"
"item2"
"item1","item6","item7"
"item2","item6","item7"
"item1","item5"
"item2","item6"
"item1","item2","item4","item5","item6"
"item6"
"item1","item2"
"item4","item5"
"item2","item6","item7"
"item2","item6","item7"
"item2","item6"
"item1","item5","item7"
"item2","item6"
"item1"
"item5"
"item4","item5"
"item1","item5"
"item2","item6","item7"
"item1","item4","item5"
"item1","item2","item6"
"item2","item5"
"item1","item2","item3","item5","item7"
"item1","item2","item5","item6"
"item1","item6"
"item1","item6","item7"
"item4","item5"
"item6"
"item2","item7"
"item1","item6"
"item1","item6"
"item1","item6"
"item1","item5"
"item1","item3","item6"
"item7"
"item6"
"item1","item7"
"item6"
"item7"
"item1","item5","item6"
"item2","item6"
"item1","item6"
"item6","item7"
"item5"
"item6"
"item1","item6"
"item7"
"item4"
"item1","item5","item6"
"item6"
"item6","item7"
"item2","item7"
"item1","item2","item5"
"item1","item5","item6"
"item2","item6"
"item2","item6"
"item1","item6"
"item2","item6"
"item1"
"item1"
"item1","item2","item6"
"item1","item6"
"item2","item7"
"item2","item6"
"item1","item2","item5","item7"
"item7"
"item2","item6","item7"
"item2"
"item7"
"item6"
"item6"
"item2","item6"
"item1","item2"
"item2","item6"
"item1","item6"
"item1"
"item2","item4","item5"
"item1","item6","item7"
"item1","item6"
"item1","item6"
"item2","item6"
"item1","item2"
"item1","item6"
"item1","item2","item3","item4","item5"
"item1","item6","item7"
"item1","item6"
"item1","item6"
"item5"
"item1","item2"
"item1","item2","item5"
"item1","item6"
"item1","item6"
"item1","item7"
"item1","item6"
"item1","item6"
"item7"
"item2","item7"
"item1","item2"
"item1","item6"
"item1","item2","item6"
"item2","item6"
"item6"
"item2","item6"
"item2","item6"
"item1","item2","item5","item6"
"item1","item2","item5","item6","item7"
"item2","item7"
"item2","item6"
"item6","item7"
"item2","item6"
"item2","item6"
"item1","item2"
"item2","item6"
"item1","item6"
"item1"
"item1","item6"
"item2"
"item1","item2","item5","item7"
"item2","item6"
"item2","item6"
"item1","item6"
"item1","item6"
"item1","item2","item6"
"item1","item5"
"item1","item2","item5","item6"
"item4","item5"
"item1","item6","item7"
"item2","item6"
"item1","item6"
"item1","item6"
"item1","item6"
"item1","item5"
"item1","item7"
"item1","item6"
"item1","item6"
"item2","item6"
"item1","item6"
"item2","item5"
"item1","item5","item6"
"item1","item6"
"item7"
"item2","item6"
"item1"
"item1","item6"
"item1"
"item2","item6","item7"
"item1","item2","item6"
"item2","item6"
"item7"
"item7"
"item2","item6"
"item2","item6","item7"
"item1","item2","item6"
"item2","item6"
"item1","item6"
"item1","item6"
"item1","item6"
"item1","item3"
"item1","item5"
"item1","item2","item6","item7"
"item2","item6"
"item1","item2","item5"
"item6"
"item2","item6"
"item1","item2","item6","item7"
"item1","item5"
"item2"
"item6"
"item1","item5"
"item1"
"item4","item5"
"item1","item2"
"item2","item6"
"item7"
"item2","item6"
"item1","item2","item7"
"item1","item4","item5","item6"
"item6"
"item1","item2","item6"
"item1","item5","item6"
"item1","item2","item5","item6"
"item1","item6"
"item2","item6"
"item1","item6","item7"
"item7"
"item1","item2","item5"
"item1","item6","item7"
"item2","item5","item6"
"item1","item2","item5","item6"
"item1","item5"
"item1","item5"
"item4","item5"
"item6","item7"
"item1","item5"
"item1","item2"
"item6"
"item6"
"item2","item6"
"item1","item2","item6"
"item6"
"item6"
"item2","item6"
"item1","item2","item5"
"item4","item5"
"item1","item6"
"item2","item6"
"item1","item6"
"item2","item6"
"item1","item4","item5","item6"
"item2","item6"
"item1","item6"
"item6","item7"
"item7"
"item1","item5","item7"
"item2","item6","item7"
"item4","item5"
"item1","item2","item4","item5","item6","item7"
"item2","item6"
"item1","item6"
"item1","item2","item6","item7"
"item1","item2"
"item1","item6"
"item1","item2"
"item2","item6"
"item2","item6"
"item1","item6"
"item6"
"item1","item2","item5","item7"
"item1","item6","item7"
"item6"
"item1","item6"
"item1","item2","item5"
"item1","item2"
"item6"
"item2","item6"
"item1","item2","item5","item6","item7"
"item1","item2","item7"
"item1","item6"
"item2","item6"
"item1","item2"
"item1","item2","item3","item6"
"item6"
"item5","item7"
"item1","item5"
"item2","item6","item7"
"item1","item5"
"item2","item4","item5","item7"
"item1","item6"
"item2","item6"
"item1","item2","item6"
"item2","item6"
"item7"
"item1","item6"
"item7"
"item2","item6"
"item1","item2","item6"
"item1","item7"
"item1","item6"
"item6","item7"
"item3","item6","item7"
"item1","item2","item5","item6","item7"
"item2","item6"
"item1","item6"
"item1","item6"
"item3"
"item1","item2"
"item2","item6"
"item1","item2","item6"
"item1","item2","item5","item6"
"item1","item2","item4","item5","item6"
"item2","item6"
"item6"
"item1","item2","item6"
"item1","item6"
"item6"
"item1","item5"
"item1","item5","item6"
"item1","item5","item7"
"item2"
"item1","item6","item7"
"item1","item6"
"item6"
"item2","item6"
"item2","item6"
"item7"
"item1","item6"
"item7"
"item1","item6"
"item2","item6"
"item6"
"item6"
"item2","item6","item7"
"item1","item6"
"item1","item6"
"item7"
"item1","item6"
"item6"
"item1","item2","item5","item6","item7"
"item2","item6"
"item5","item6"
"item1","item6"
"item1","item2"
"item1"
"item1"
"item5","item7"
"item2"
"item2","item6"
"item2","item4","item5","item6"
"item1","item6"
"item1"
"item4","item5"
"item1","item4","item6","item7"
"item2","item6"
"item1","item6"
"item2","item6"
"item2","item6"
"item5","item6"
"item1","item3","item5","item6"
"item2","item6"
"item2","item6"
"item6"
"item1","item2","item6"
"item1","item6"
"item1","item2","item6"
"item1","item6"
"item2","item5","item6"
"item1","item5","item7"
"item1","item6"
"item1","item6"
"item6"
"item7"
"item2","item6"
"item1","item6"
"item1","item5"
"item2","item6"
"item2"
"item1","item6"
"item1","item2","item6","item7"
"item1","item6"
"item6"
"item1","item2"
"item1","item6"
"item1","item2","item6"
"item6"
"item2","item6"
"item1","item2","item6"
"item2","item7"
"item1","item2"
"item2","item6"
"item4","item5"
"item1","item2","item5","item6"
"item2","item6"
"item1","item5"
"item7"
"item1","item6","item7"
"item2","item6","item7"
"item6"
"item1","item6"
"item1","item5"
"item2"
"item2","item6"
"item2","item6"
"item1","item5"
"item1","item5","item6"
"item1","item2"
"item2","item6"
"item1","item2","item5"
"item2","item6"
"item7"
"item1"
"item1","item5"
"item2","item6"
"item1","item2","item6"
"item1","item5"
"item1","item6"
"item1","item5","item6"
"item2","item6"
"item1","item2"
"item1"
"item5"
"item6"
"item1","item2","item5","item6","item7"
"item1","item5"
"item1","item7"
"item2","item6"
"item2","item6"
"item1","item2","item6"
"item1","item5","item6"
"item1","item6"
"item6"
"item2","item6"
"item1","item6"
"item4","item5","item6"
"item1","item6"
"item1","item3","item4","item7"
"item7"
"item6"
"item1","item6"
"item7"
"item1","item2","item6"
"item4","item5"
"item2","item6"
"item7"
"item1","item6"
"item1","item2","item5"
"item1","item2"
"item4","item5"
"item1"
"item1"
"item2","item7"
"item6"
"item1","item6"
"item1","item2"
"item1","item6"
"item1","item6"
"item1","item6"
"item1","item6"
"item1","item6"
"item1","item6"
"item1","item6","item7"
"item1","item2","item5","item6"
"item1","item6"
"item1","item6"
"item1","item6"
"item1","item5"
"item2"
"item7"
"item1","item2"
"item1","item2","item5","item6","item7"
"item2"
"item1","item2","item7"
"item2","item6"
"item1","item6"
"item2"
"item1","item7"
"item1","item7"
"item1","item5"
"item6","item7"
"item7"
"item2","item6"
"item1","item6"
"item1","item6"
"item2","item6"
"item1"
"item1","item6"
"item1","item6"
"item7"
"item1","item2","item5","item6"
"item1","item2","item5","item7"
"item4","item5","item6"
"item1","item5","item6"
"item1","item2","item4","item5","item6"
"item1","item5"
"item2","item6"
"item2","item7"
"item1","item2","item5"
"item2","item6"
"item1","item4","item5"
"item1","item5","item7"
"item1","item6"
"item2"
"item1","item6"
"item1","item6","item7"
"item7"
"item2","item6","item7"
"item1","item6"
"item1","item6","item7"
"item2","item6"
"item1","item2"
"item1","item2"
"item2","item5","item6"
"item6","item7"
"item2","item6"
"item1","item2","item5"
"item1","item7"
"item1","item2","item6","item7"
"item6"
"item2","item6"
"item1","item5"
"item1","item6"
"item1","item2","item6","item7"
"item1","item6"
"item1","item2","item6","item7"
"item1","item2"
"item6"
"item1"
"item1"
"item1","item6"
"item1","item6"
"item1","item5"
"item2","item6"
"item2","item6"
"item1","item6"
"item1"
"item1","item2","item3","item5","item6","item7"
"item1","item6"
"item2","item6","item7"
"item1","item2","item5","item6"
"item1","item6"
"item2","item6"
"item1","item6"
"item4","item5"
"item1","item6"
"item2","item6","item7"
"item7"
"item1","item6"
"item1","item6","item7"
"item2","item7"
"item1","item6"
"item5"
"item4"
"item1","item5"
"item2","item6"
"item2","item5","item6"
"item1"
"item7"
"item4","item5"
"item6"
"item1","item2","item5"
"item6","item7"
"item1","item5","item6"
"item2","item6","item7"
"item1","item5"
"item1","item6"
"item6"
"item6"
"item1","item7"
"item1","item2","item6","item7"
"item1","item6","item7"
"item5"
"item1","item2","item6","item7"
"item2"
"item1","item6"
"item1","item6"
"item1"
"item2","item6"
"item2","item6","item7"
"item1","item2","item6"
"item1","item6","item7"
"item2","item6"
"item6"
"item1","item6","item7"
"item1","item6"
"item6"
"item1","item6"
"item7"
"item1","item2","item7"
"item1","item6"
"item1","item2","item5"
"item1","item6","item7"
"item1","item6"
"item1","item2","item6"
"item4","item5"
"item1","item2","item6"
"item4","item5"
"item1","item2"
"item1","item2","item5","item7"
"item2","item6","item7"
"item2","item7"
"item1","item2","item5"
"item1","item6"
"item2","item6"
"item2","item6","item7"
"item1","item5","item7"
"item2","item6"
"item2","item6"
"item1","item4","item5","item6"
"item1","item2","item6"
"item4","item5"
"item1","item6"
"item1","item6"
"item1","item2","item6"
"item1","item2","item5","item6"
"item6"
"item1","item6"
"item1","item2","item5","item6"
"item6","item7"
"item2","item6"
"item1","item2","item3","item6"
"item1","item5","item7"
"item2","item6"
"item1","item2","item6"
"item1","item5"
"item6"
"item2","item6"
"item2"
"item1","item6"
"item1","item6"
"item1","item6","item7"
"item2","item6"
"item1","item6"
"item1","item2","item6"
"item1","item2","item5","item6"
"item2","item6"
"item2","item6"
"item1","item6"
"item2","item6"
"item1","item7"
"item1","item6"
"item1","item6"
"item2","item6"
"item1","item5"
"item3","item7"
"item2","item6"
"item7"
"item1","item7"
"item7"
"item6"
"item2","item6"
"item2","item6"
"item2","item6"
"item2"
"item1","item2","item6"
"item1","item6"
"item2","item6"
"item1","item6"
"item1","item6","item7"
"item1","item6"
"item6"
"item1","item3","item6"
"item5"
"item1","item6"
"item1","item6"
"item1","item6"
"item1","item2"
"item1","item6","item7"
"item2","item6"
"item1","item6"
"item7"
"item7"
"item1","item6"
"item6"
"item2","item6"
"item2","item5","item6"
"item1","item2","item6"
"item2","item5","item6","item7"
"item1","item2"
"item1","item6"
"item7"
"item1","item2","item6"
"item6"
"item7"
"item2","item4","item5","item6"
"item1","item6"
"item2","item7"
"item1","item6"
"item7"
"item1","item5"
"item2"
"item2","item6"
"item1"
"item4","item5"
"item1","item4","item5","item6"
"item1","item6","item7"
"item5"
"item2"
"item2","item6"
"item1","item5"
"item1","item6"
"item7"
"item1","item6"
"item2"
"item2","item6"
"item1","item6"
"item1","item6","item7"
"item1","item6"
"item4","item5"
"item1","item7"
"item1","item6"
"item1","item2"
"item1","item2"
"item7"
"item1","item5","item6"
"item1","item6"
"item1","item6"
"item4"
"item1","item2","item5"
"item1","item2","item6"
"item1","item2","item6"
"item1","item2","item6"
"item1","item2","item6"
"item1","item2"
"item1","item2","item5","item6","item7"
"item1","item6"
"item7"
"item2"
"item6"
"item1","item6","item7"
"item2","item6"
"item1","item2","item6"
"item1","item3","item6"
"item2","item7"
"item2","item6"
"item6"
"item1","item6"
"item2","item6"
"item6"
"item1","item6"
"item1","item2","item6"
"item1","item2","item3"
"item2","item6"
"item1","item3","item6"
"item6","item7"
"item2","item6"
"item1","item2","item5"
"item2","item6"
"item7"
"item1","item2","item6"
"item1","item3"
"item1","item2","item6","item7"
"item2"
"item6"
"item1","item2"
"item4","item5"
"item6"
"item1","item6"
"item1","item6","item7"
"item1","item2","item5","item6","item7"
"item1","item5","item6"
"item7"
"item6","item7"
"item1","item6"
"item1","item7"
"item7"
"item1","item6"
"item2","item6"
"item6"
"item2","item6","item7"
"item2","item6"
"item1","item3"
"item2","item6"
"item1","item2","item7"
"item5"
"item1","item5"
"item1"
"item1","item6"
"item2","item3","item6"
"item1","item6"
"item1","item6"
"item4","item5"
"item1","item5"
"item4","item5","item6","item7"
"item5","item6","item7"
"item1","item2"
"item2"
"item2","item6"
"item1","item2"
"item2"
"item1","item2","item5","item6","item7"
"item1","item3"
"item1","item6"
"item1","item6"
"item6"
"item6"
"item2","item6"
"item1","item6"
"item5"
"item2"
"item1","item5"
"item1","item2"
"item1","item6"
"item2","item6"
"item1","item2","item6"
"item2"
"item1","item6"
"item6"
"item1","item6"
"item6"
"item1","item2","item6"
"item1","item6"
"item7"
"item1","item6"
"item1","item6"
"item2","item6"
"item6"
"item2","item6"
"item2","item6"
"item1","item5","item6"
"item6","item7"
"item2","item6"
"item1","item6"
"item1","item6"
"item1","item7"
"item1"
"item4","item5"
"item7"
"item2","item6"
"item7"
"item1","item6"
"item1","item2","item4","item6"
"item2","item6"
"item2","item6"
"item6"
"item1","item5"
"item1","item2","item6"
"item6","item7"
"item1","item2","item3","item4","item5"
"item7"
"item2","item6","item7"
"item2","item6"
"item1","item4","item5","item6","item7"
"item1","item2","item6"
"item2","item6"
"item3","item6"
"item2","item6"
"item2","item7"
"item1","item6","item7"
"item1","item2","item6","item7"
"item1","item3","item7"
"item1","item7"
"item1","item6"
"item1","item6"
"item2","item6"
"item1","item6"
"item1","item6"
"item1","item6","item7"
"item7"
"item2","item6"
"item2","item6"
"item2","item6"
"item1","item5"
