"item3","item6"
"item1","item3","item4","item5","item6"
"item5"
"item1","item4","item5"
"item5"
"item3","item5","item6"
"item1","item3","item4","item6"
"item1","item3","item4","item5"
"item5","item6"
"item1","item3","item4"
"item1","item4"
"item1","item5","item6"
"item1","item3","item6"
"item1","item3"
"item1","item3","item4","item5","item6"
"item1","item4","item5"
"item3","item4","item6"
"item1","item6"
"item1","item3","item4","item5"
"item1","item4"
"item1"
"item1","item4","item5","item6"
"item5","item6"
"item3","item5","item6"
"item1","item3","item4","item5","item6"
"item1","item3","item6"
"item3","item5","item6"
"item1","item3"
"item1","item4","item5"
"item1","item3","item4","item5"
"item5","item6"
"item1","item3","item4","item5","item6"
"item3","item6"
"item1","item3","item4"
"item1","item3","item4","item5","item6"
"item4","item6"
"item1","item3","item6"
"item1","item3","item6"
"item1","item4","item5","item6"
"item1","item3","item5","item6"
"item1","item3","item4","item5","item6"
"item5","item6"
"item1","item4","item5"
"item1","item3","item4","item5","item6"
"item3"
"item1","item4"
"item3","item6"
"item1","item3","item4","item5","item6"
"item1","item4"
"item1","item3","item4","item5","item6"
"item3","item4","item6"
"item1","item4","item5"
"item1","item3","item4","item5","item6"
"item3","item4","item5","item6"
"item1"
"item1","item3","item4","item5"
"item1","item3","item4","item5","item6"
"item3","item4","item5","item6"
"item1","item3","item4","item5","item6"
"item1","item4","item5","item6"
"item3","item4","item6"
"item1","item3","item4","item5","item6"
"item1","item3","item4","item6"
"item1","item3"
"item1","item3","item6"
"item4"
"item1","item5","item6"
"item1","item3","item4","item5","item6"
"item3","item4","item5","item6"
"item1","item3","item5"
"item4","item5"
"item5","item6"
"item4"
"item1","item3"
"item1","item3","item4","item5","item6"
"item1","item3","item4","item5","item6"
"item3","item6"
"item1","item3","item4","item6"
"item5","item6"
"item1","item3","item4","item6"
"item1","item4"
"item4","item5"
"item5"
"item1","item3","item4","item5","item6"
"item1","item3","item4","item5","item6"
"item3","item6"
"item4","item5"
"item1","item3","item4","item5","item6"
"item1","item3"
"item6"
"item1","item3","item6"
"item1","item3","item4"
"item1","item3","item4","item6"
"item4"
"item4","item6"
"item3","item4","item5","item6"
"item1","item3","item4","item5","item6"
"item1","item3","item4","item5","item6"
"item5"
"item1","item3","item4","item5","item6"
